{
    "symbols": [
        {
            "symbolName": "Circulo",
            "useRotation": true,
            "isSymmetric": false,
            "templateTexture": {
                "instanceID": 0
            },
            "Threshold": 0.0,
            "strokes": 1,
            "orientationThreshold": 0.0,
            "symbolID": "",
            "distribution": [
                0.0,
                0.0,
                0.0,
                0.0,
                0.0,
                0.0,
                0.0,
                0.0,
                0.0,
                0.0,
                0.0,
                0.0,
                0.0,
                0.0,
                0.0,
                0.0,
                0.06439393758773804,
                0.0625,
                0.06439393758773804,
                0.06628787517547608,
                0.0625,
                0.06060606241226196,
                0.06060606241226196,
                0.05871212109923363,
                0.06439393758773804,
                0.06060606241226196,
                0.0625,
                0.06439393758773804,
                0.06818182021379471,
                0.06060606241226196,
                0.05871212109923363,
                0.05871212109923363,
                0.0,
                0.0018939394503831864,
                0.0,
                0.0,
                0.0,
                0.0,
                0.0,
                0.0,
                0.0,
                0.0,
                0.0,
                0.0,
                0.0,
                0.0,
                0.0,
                0.0
            ],
            "momentMagnitudes": [
                0.0006028596086032463,
                7.838557120014065e-20,
                7.838557120014065e-20,
                0.00009621825831180269,
                0.0011433569545095618,
                0.00009621825831180269,
                0.00004363110796971755,
                0.000011819850469967632,
                0.000011819850469967632,
                0.00004363110796971755,
                0.00018404242159290743,
                0.00036414303449970305,
                0.000447677391948122,
                0.00036414303449970305,
                0.00018404242159290743,
                0.00005638708050052325,
                0.00012763994604800686,
                0.000033529948048067816,
                0.000033529948048067816,
                0.00012763994604800686,
                0.00005638708050052325,
                0.000023640057241374795,
                0.0005018206482583827,
                0.000363116886353854,
                0.0007035724931594098,
                0.000363116886353854,
                0.0005018206482583827,
                0.000023640057241374795,
                0.00003106130117719824,
                0.0001467571622042945,
                0.00010604363386378144,
                0.00004115584659192598,
                0.00004115584659192598,
                0.00010604363386378144,
                0.0001467571622042945,
                0.00003106130117719824,
                0.00006094294120416497,
                0.00016255350783467293,
                0.00025371484684221673,
                0.00017488372483939835,
                0.0011698728935285049,
                0.00017488372483939835,
                0.00025371484684221673,
                0.00016255350783467293,
                0.00006094294120416497,
                0.000024245642690044463,
                0.00009435300969264723,
                0.00011091396410131094,
                0.00006027197267747287,
                0.000014496496243571691,
                0.000014496496243571691,
                0.00006027197267747287,
                0.00011091396410131094,
                0.00009435300969264723,
                0.000024245642690044463,
                0.00006841834295879711,
                0.00013680489395152438,
                0.00030679298056797546,
                0.00032288033628102505,
                0.0006545830066456939,
                0.0007071242752400311,
                0.0006545830066456939,
                0.00032288033628102505,
                0.00030679298056797546,
                0.00013680489395152438,
                0.00006841834295879711
            ]
        },
        {
            "symbolName": "Cuadrado",
            "useRotation": true,
            "isSymmetric": false,
            "templateTexture": {
                "instanceID": 0
            },
            "Threshold": 0.0,
            "strokes": 1,
            "orientationThreshold": 0.0,
            "symbolID": "",
            "distribution": [
                0.0,
                0.0,
                0.0,
                0.0,
                0.0,
                0.0,
                0.0,
                0.0,
                0.0,
                0.0,
                0.0,
                0.0,
                0.0,
                0.0,
                0.0,
                0.0,
                0.05503144487738609,
                0.015723271295428277,
                0.020440252497792245,
                0.050314463675022128,
                0.05188679322600365,
                0.01886792480945587,
                0.0172955971211195,
                0.05345911905169487,
                0.050314463675022128,
                0.006289307959377766,
                0.020440252497792245,
                0.05345911905169487,
                0.05188679322600365,
                0.03616352379322052,
                0.033018868416547778,
                0.0487421378493309,
                0.0,
                0.06132075563073158,
                0.056603774428367618,
                0.0,
                0.0,
                0.05188679322600365,
                0.05503144487738609,
                0.0,
                0.0015723269898444415,
                0.07075471431016922,
                0.050314463675022128,
                0.0,
                0.0,
                0.039308175444602969,
                0.02987421303987503,
                0.0
            ],