{
    "symbols": [        
        {
            "symbolName": "M",
            "useRotation": true,
            "isSymmetric": false,
            "templateTexture": {
                "instanceID": 0
            },
            "Threshold": 0.0,
            "strokes": 1,
            "orientationThreshold": 0.0,
            "symbolID": "f235a568-83ce-4893-adcc-af14c26d5585",
            "distribution": [
                0.018450183793902398,
                0.02029520273208618,
                0.029520295560359956,
                0.04428044334053993,
                0.022140221670269967,
                0.009225091896951199,
                0.009225091896951199,
                0.007380073890089989,
                0.02029520273208618,
                0.04059040546417236,
                0.0,
                0.0,
                0.0,
                0.0,
                0.016605166718363763,
                0.029520295560359956,
                0.05904059112071991,
                0.018450183793902398,
                0.0,
                0.007380073890089989,
                0.0,
                0.0,
                0.049815498292446139,
                0.0479704812169075,
                0.053505536168813708,
                0.10332103073596955,
                0.03874538838863373,
                0.0,
                0.0,
                0.02029520273208618,
                0.10516605526208878,
                0.05166051536798477,
                0.0,
                0.07749077677726746,
                0.012915128841996193,
                0.0,
                0.0,
                0.012915128841996193,
                0.04059040546417236,
                0.0,
                0.0,
                0.012915128841996193,
                0.02029520273208618,
                0.0,
                0.0,
                0.0,
                0.0,
                0.0
            ],
            "momentMagnitudes": [
                0.0005872875891928303,
                2.5258799394227188e-19,
                2.5258799394227188e-19,
                0.00022530229934027274,
                0.0005868275227141997,
                0.00022530229934027274,
                0.00008920199371791854,
                0.00015466412824898188,
                0.00015466412824898188,
                0.00008920199371791854,
                0.0002981795760978192,
                0.0004630384629942834,
                0.00008254357342130584,
                0.0004630384629942834,
                0.0002981795760978192,
                0.00003283514514070595,
                0.00022309004050779165,
                0.00016743287004228008,
                0.00016743287004228008,
                0.00022309004050779165,
                0.00003283514514070595,
                0.00014852370888104738,
                0.000341739244346689,
                0.0002897435943578882,
                0.00008326440334759955,
                0.0002897435943578882,
                0.000341739244346689,
                0.00014852370888104738,
                0.00015095595229155904,
                0.0002907594301603817,
                0.0005003277666014499,
                0.00040038875768105484,
                0.00040038875768105484,
                0.0005003277666014499,
                0.0002907594301603817,
                0.00015095595229155904,
                0.00021826606450045682,
                0.000303168303412265,
                0.00010530644429785739,
                0.00020727945484798333,
                0.0003964257911122593,
                0.00020727945484798333,
                0.00010530644429785739,
                0.000303168303412265,
                0.00021826606450045682,
                0.00008100172937796125,
                0.00018635484290298942,
                0.0003350413098546412,
                0.00042270112961420716,
                0.0003585778864107449,
                0.0003585778864107449,
                0.00042270112961420716,
                0.0003350413098546412,
                0.00018635484290298942,
                0.00008100172937796125,
                0.0001238524996266594,
                0.00023549223298076333,
                0.0002769320323458457,
                0.0002400219110545197,
                0.0005312040173259608,
                0.0004679706373777777,
                0.0005312040173259608,
                0.0002400219110545197,
                0.0002769320323458457,
                0.00023549223298076333,
                0.0001238524996266594
            ]
        }
    ]
}