{
    "symbols": [
        {
            "symbolName": "",
            "useRotation": true,
            "isSymmetric": false,
            "templateTexture": {
                "instanceID": 0
            },
            "Threshold": 0.0,
            "strokes": 1,
            "orientationThreshold": 0.0,
            "symbolID": "9c77b341-77d9-4129-bcca-d48f5e121d76",
            "distribution": [
                0.02432432398200035,
                0.05945945903658867,
                0.0027027027681469919,
                0.0,
                0.0,
                0.04324324429035187,
                0.045945946127176288,
                0.01621621660888195,
                0.018918918445706369,
                0.01621621660888195,
                0.029729729518294336,
                0.062162160873413089,
                0.04054053872823715,
                0.021621622145175935,
                0.01621621660888195,
                0.018918918445706369,
                0.06756756454706192,
                0.06756756454706192,
                0.013513513840734959,
                0.0,
                0.0,
                0.029729729518294336,
                0.05675675719976425,
                0.05675675719976425,
                0.0810810774564743,
                0.05945945903658867,
                0.0,
                0.0,
                0.0,
                0.0,
                0.010810811072587967,
                0.0972972959280014,
                0.0,
                0.0,
                0.0,
                0.0,
                0.0,
                0.0,
                0.0,
                0.0,
                0.0,
                0.027027027681469919,
                0.0,
                0.0,
                0.0,
                0.0,
                0.013513513840734959,
                0.0027027027681469919
            ],
            "momentMagnitudes": [
                0.0008602969549797677,
                2.0459490636382452e-19,
                2.0459490636382452e-19,
                0.0004755236409805916,
                0.0009114645622872018,
                0.0004755236409805916,
                0.00029355742641397423,
                0.0003122490805548591,
                0.0003122490805548591,
                0.00029355742641397423,
                0.00003893378165525359,
                0.00046252137100374376,
                0.00040860772132873536,
                0.00046252137100374376,
                0.00003893378165525359,
                0.00039289565505208195,
                0.000499286683830055,
                0.00013289847285360902,
                0.00013289847285360902,
                0.000499286683830055,
                0.00039289565505208195,
                0.000375351108409263,
                0.00036448715506373224,
                0.00018011347667590993,
                0.00014838638740616875,
                0.00018011347667590993,
                0.00036448715506373224,
                0.000375351108409263,
                0.00001106332811350758,
                0.00028128853520831547,
                0.0010207631298013636,
                0.000570796913391835,
                0.000570796913391835,
                0.0010207631298013636,
                0.00028128853520831547,
                0.00001106332811350758,
                0.0003762955601150925,
                0.00014231869497814695,
                0.0002605401986354106,
                0.0006084393810581516,
                0.00037299132830387837,
                0.0006084393810581516,
                0.0002605401986354106,
                0.00014231869497814695,
                0.0003762955601150925,
                0.00037889714176590376,
                0.0004282985587377806,
                0.0002455763518810272,
                0.0008335187628462508,
                0.0007737642204439318,
                0.0007737642204439318,
                0.0008335187628462508,
                0.0002455763518810272,
                0.0004282985587377806,
                0.00037889714176590376,
                0.000015489511644920787,
                0.00024250423586046372,
                0.0003406778783411593,
                0.0006415721935194892,
                0.0003477457004624444,
                0.0003300003707408905,
                0.0003477457004624444,
                0.0006415721935194892,
                0.0003406778783411593,
                0.00024250423586046372,
                0.000015489511644920787
            ]
        }
    ]
}