{
    "symbols": [
        {
            "symbolName": "",
            "useRotation": true,
            "isSymmetric": false,
            "templateTexture": {
                "instanceID": 0
            },
            "Threshold": 0.0,
            "strokes": 1,
            "orientationThreshold": 0.0,
            "distribution": [
                0.0,
                0.0,
                0.0,
                0.0,
                0.0,
                0.0,
                0.0,
                0.0,
                0.0,
                0.0,
                0.0,
                0.0,
                0.0,
                0.0,
                0.0,
                0.0,
                0.0635514035820961,
                0.0635514035820961,
                0.0579439252614975,
                0.0635514035820961,
                0.06542056053876877,
                0.0579439252614975,
                0.06168224290013313,
                0.06168224290013313,
                0.0579439252614975,
                0.0579439252614975,
                0.059813085943460467,
                0.06542056053876877,
                0.07850467413663864,
                0.07102803885936737,
                0.052336446940898898,
                0.052336446940898898,
                0.0,
                0.0,
                0.009345794096589089,
                0.0,
                0.0,
                0.0,
                0.0,
                0.0,
                0.0,
                0.0,
                0.0,
                0.0,
                0.0,
                0.0,
                0.0,
                0.0
            ],
            "momentMagnitudes": [
                0.000594971725873858,
                6.025936857339872e-20,
                6.025936857339872e-20,
                0.00012969268816653812,
                0.0009474210650007301,
                0.00012969268816653812,
                0.00011263920742774678,
                0.00009827537235812607,
                0.00009827537235812607,
                0.00011263920742774678,
                0.000052837223232349505,
                0.0004330698017762086,
                0.00006762552205647264,
                0.0004330698017762086,
                0.000052837223232349505,
                0.00008125539137938312,
                0.00014321209392814994,
                0.0001196887170042947,
                0.0001196887170042947,
                0.00014321209392814994,
                0.00008125539137938312,
                0.000028281549218102037,
                0.00010306380480249351,
                0.0003207212296601768,
                0.001171428689332766,
                0.0003207212296601768,
                0.00010306380480249351,
                0.000028281549218102037,
                0.000042012758622659704,
                0.0001867553758844037,
                0.00013202463633546206,
                0.00023778835746729484,
                0.00023778835746729484,
                0.00013202463633546206,
                0.0001867553758844037,
                0.000042012758622659704,
                0.00008044317364692688,
                0.00005320677551153664,
                0.000265453129171211,
                0.0003344018325627407,
                0.001080135875773207,
                0.0003344018325627407,
                0.000265453129171211,
                0.00005320677551153664,
                0.00008044317364692688,
                0.0001048355319789637,
                0.0000969854192198994,
                0.00010908567041994255,
                0.00019547169175103445,
                0.0003120633764801738,
                0.0003120633764801738,
                0.00019547169175103445,
                0.00010908567041994255,
                0.0000969854192198994,
                0.0001048355319789637,
                0.00001656112269820454,
                0.00006845337208186355,
                0.00011931171762609036,
                0.00016068484738608388,
                0.0007924360649608006,
                0.00009494008165653621,
                0.0007924360649608006,
                0.00016068484738608388,
                0.00011931171762609036,
                0.00006845337208186355,
                0.00001656112269820454
            ]
        }
    ]
}